,antecedents,consequents,antecedent support,consequent support,support,confidence,lift,leverage,conviction,antecedent_len
416,"frozenset({'no_spec', 'casual_attire'})",frozenset({'yes_buyDrink'}),0.24050632911392406,0.8209764918625678,0.2206148282097649,0.9172932330827067,1.1173197310456757,0.023164785863071385,2.164556962025315,2
602,"frozenset({'big_basket', 'no_spec', 'clothes_item'})",frozenset({'yes_buyDrink'}),0.2224231464737794,0.8209764918625678,0.2007233273056058,0.9024390243902439,1.0992263887396583,0.018119152804528305,1.8349909584086803,3
402,"frozenset({'big_basket', 'casual_attire'})",frozenset({'yes_buyDrink'}),0.2513562386980108,0.8209764918625678,0.2224231464737794,0.8848920863309354,1.077853135993408,0.016065583419716256,1.5552667269439442,2
362,"frozenset({'no_spec', 'female'})",frozenset({'yes_buyDrink'}),0.25678119349005424,0.8209764918625678,0.22603978300180833,0.8802816901408451,1.072237389092263,0.015228459594060356,1.4953728326773752,2
278,"frozenset({'no_spec', '31-50age'})",frozenset({'yes_buyDrink'}),0.27486437613019893,0.8209764918625678,0.24050632911392406,0.875,1.0658039647577093,0.014849137860560024,1.4321880650994574,2
572,"frozenset({'yes_buyDrink', 'chinese_race'})",frozenset({'rain'}),0.22965641952983726,0.8083182640144665,0.2007233273056058,0.8740157480314961,1.0812767531575331,0.015087848951469723,1.5214737793851723,2
388,"frozenset({'female', 'clothes_item'})",frozenset({'yes_buyDrink'}),0.25678119349005424,0.8209764918625678,0.22423146473779385,0.8732394366197184,1.0636594899795249,0.013420141330045876,1.412296564195299,2
126,"frozenset({'big_basket', 'clothes_item'})",frozenset({'yes_buyDrink'}),0.325497287522604,0.8209764918625678,0.28390596745027125,0.8722222222222222,1.0624204601076848,0.01668034622918224,1.4010535419451215,2
436,"frozenset({'big_basket', 'clothes_item', 'rain'})",frozenset({'yes_buyDrink'}),0.24954792043399637,0.8209764918625678,0.21699819168173598,0.8695652173913043,1.0591840643554875,0.012125215412234436,1.3725135623869797,3
102,"frozenset({'big_basket', 'no_spec'})",frozenset({'yes_buyDrink'}),0.3399638336347197,0.8209764918625678,0.29475587703435807,0.8670212765957448,1.0560853875714689,0.015653561536776217,1.3462567811934911,2
252,frozenset({'chinese_race'}),frozenset({'rain'}),0.2820976491862568,0.8083182640144665,0.244122965641953,0.8653846153846153,1.0705988642230253,0.016098283569155908,1.4239214673211051,1
370,"frozenset({'clothes_item', 'casual_attire'})",frozenset({'yes_buyDrink'}),0.2603978300180832,0.8209764918625678,0.22423146473779385,0.861111111111111,1.0488864415075867,0.010450967760922636,1.2889692585895112,2
35,frozenset({'casual_attire'}),frozenset({'yes_buyDrink'}),0.4267631103074141,0.8209764918625678,0.3670886075949367,0.8601694915254238,1.0477394907787652,0.016726126438397826,1.2802893309222425,1
492,"frozenset({'blankets_item', 'male'})",frozenset({'yes_buyDrink'}),0.2423146473779385,0.8209764918625678,0.20795660036166366,0.8582089552238806,1.0453514366493524,0.009021971230408543,1.2625868468639956,2
283,"frozenset({'big_basket', 'no_spec', 'rain'})",frozenset({'yes_buyDrink'}),0.28028933092224234,0.8209764918625678,0.24050632911392406,0.8580645161290322,1.045175500923689,0.010395377506875192,1.26130198915009,3
136,"frozenset({'casual_attire', 'rain'})",frozenset({'yes_buyDrink'}),0.32730560578661844,0.8209764918625678,0.28028933092224234,0.8563535911602211,1.0430914887920755,0.011579122916591744,1.246279037418279,2
3,frozenset({'no_spec'}),frozenset({'yes_buyDrink'}),0.5533453887884268,0.8209764918625678,0.47377938517179025,0.8562091503267975,1.0429155509487202,0.019495829095939,1.2450271247739606,1
24,"frozenset({'no_spec', 'rain'})",frozenset({'yes_buyDrink'}),0.45207956600361665,0.8209764918625678,0.38517179023508136,0.852,1.0377885462555065,0.014025094094680002,1.209618298225893,2
116,"frozenset({'no_spec', 'clothes_item'})",frozenset({'yes_buyDrink'}),0.3453887884267631,0.8209764918625678,0.29294755877034356,0.8481675392670156,1.0331203727195146,0.009391482919076932,1.1790858639396387,2
318,"frozenset({'yes_buyDrink', '2basket'})",frozenset({'rain'}),0.2766726943942134,0.8083182640144665,0.2332730560578662,0.8431372549019608,1.0430758433127167,0.009633464024930621,1.2219710669077761,2
458,"frozenset({'big_basket', 'female'})",frozenset({'yes_buyDrink'}),0.25316455696202533,0.8209764918625678,0.21338155515370705,0.8428571428571427,1.0266519823788545,0.005539405315082263,1.1392405063291131,2
540,frozenset({'washer_4'}),frozenset({'yes_buyDrink'}),0.24050632911392406,0.8209764918625678,0.20253164556962025,0.8421052631578947,1.0257361465337351,0.005081603222926723,1.13381555153707,1
534,"frozenset({'yes_buyDrink', 'formal_attire'})",frozenset({'rain'}),0.24050632911392406,0.8083182640144665,0.20253164556962025,0.8421052631578947,1.0417991286942188,0.008125987135761209,1.2139843279083786,2
196,frozenset({'formal_attire'}),frozenset({'rain'}),0.3037974683544304,0.8083182640144665,0.2549728752260398,0.8392857142857143,1.0383109619686801,0.0094078329937968,1.1926863572433197,1
358,frozenset({'traditional_attire'}),frozenset({'rain'}),0.2694394213381555,0.8083182640144665,0.22603978300180833,0.8389261744966443,1.0378661621848866,0.008246977688688067,1.1900241109101872,1
6,frozenset({'big_basket'}),frozenset({'yes_buyDrink'}),0.5497287522603979,0.8209764918625678,0.46112115732368897,0.8388157894736842,1.0217293647113377,0.009806774816960906,1.1106764586485587,1
132,frozenset({'2basket'}),frozenset({'rain'}),0.33634719710669075,0.8083182640144665,0.2820976491862568,0.838709677419355,1.0375983257559358,0.010222066714844935,1.1884267631103087,1
48,frozenset({'blankets_item'}),frozenset({'rain'}),0.43399638336347196,0.8083182640144665,0.36347197106690776,0.8375,1.0361017897091724,0.012664767877989203,1.1795799137571295,1
209,"frozenset({'big_basket', '31-50age'})",frozenset({'yes_buyDrink'}),0.30018083182640143,0.8209764918625678,0.2513562386980108,0.8373493975903614,1.0199432089591847,0.004914832460784335,1.1006630500301384,2
202,"frozenset({'clothes_item', '31-50age'})",frozenset({'yes_buyDrink'}),0.30018083182640143,0.8209764918625678,0.2513562386980108,0.8373493975903614,1.0199432089591847,0.004914832460784335,1.1006630500301384,2
96,"frozenset({'yes_buyDrink', 'blankets_item'})",frozenset({'rain'}),0.352622061482821,0.8083182640144665,0.29475587703435807,0.8358974358974359,1.0341191992198704,0.009725024443361763,1.168060578661845,2
545,"frozenset({'no_spec', 'rain', 'male'})",frozenset({'yes_buyDrink'}),0.2423146473779385,0.8209764918625678,0.20253164556962025,0.835820895522388,1.0180813991715432,0.0035970164383651304,1.090415913200723,3
328,"frozenset({'yes_buyDrink', '41-55mins_timespent'})",frozenset({'rain'}),0.27486437613019893,0.8083182640144665,0.22965641952983726,0.8355263157894737,1.0336600730012953,0.007478524176855489,1.1654249547920437,2
37,"frozenset({'big_basket', 'rain'})",frozenset({'yes_buyDrink'}),0.4394213381555154,0.8209764918625678,0.3670886075949367,0.8353909465020576,1.0175576947481009,0.006334018946466569,1.0875678119349004,2
221,"frozenset({'big_basket', 'male'})",frozenset({'yes_buyDrink'}),0.2965641952983725,0.8209764918625678,0.24773960216998192,0.8353658536585366,1.017527130117116,0.004267369501878615,1.0874020494273655,2
228,"frozenset({'no_spec', 'male'})",frozenset({'yes_buyDrink'}),0.2965641952983725,0.8209764918625678,0.24773960216998192,0.8353658536585366,1.017527130117116,0.004267369501878615,1.0874020494273655,2
341,"frozenset({'no_spec', 'clothes_item', 'rain'})",frozenset({'yes_buyDrink'}),0.2730560578661845,0.8209764918625678,0.22784810126582278,0.8344370860927152,1.0163958339411265,0.003675496797020339,1.08130198915009,3
121,frozenset({'moderate_bodySize'}),frozenset({'rain'}),0.3471971066907776,0.8083182640144665,0.28933092224231466,0.8333333333333334,1.0309470544369874,0.008685159691179833,1.1500904159132013,1
81,frozenset({'toddler_kids'}),frozenset({'yes_buyDrink'}),0.3670886075949367,0.8209764918625678,0.30560578661844484,0.8325123152709359,1.0140513443718668,0.004234669352438936,1.0688756515264333,1
174,frozenset({'3basket'}),frozenset({'yes_buyDrink'}),0.32368896925858953,0.8209764918625678,0.2694394213381555,0.8324022346368715,1.0139172593704624,0.0036983869016281035,1.068173598553345,1
269,frozenset({'no_kids'}),frozenset({'rain'}),0.2911392405063291,0.8083182640144665,0.2423146473779385,0.8322981366459627,1.0296663748662582,0.0069814819053723165,1.1429910923581814,1
330,"frozenset({'41-55mins_timespent', 'rain'})",frozenset({'yes_buyDrink'}),0.2766726943942134,0.8209764918625678,0.22965641952983726,0.8300653594771242,1.0110708013014311,0.0025146414919116344,1.053484490193351,2
423,frozenset({'foreigner_race'}),frozenset({'yes_buyDrink'}),0.26582278481012656,0.8209764918625678,0.2206148282097649,0.8299319727891157,1.0109083280889448,0.0023805708792089264,1.0526582278481014,1
559,"frozenset({'clothes_item', 'rain', '31-50age'})",frozenset({'yes_buyDrink'}),0.244122965641953,0.8209764918625678,0.20253164556962025,0.8296296296296296,1.010540055473976,0.0021124296538035103,1.0507901564588409,3
530,frozenset({'washer_3'}),frozenset({'rain'}),0.244122965641953,0.8083182640144665,0.20253164556962025,0.8296296296296296,1.0263650675283786,0.005202593775853553,1.1250884503498704,1
301,"frozenset({'yes_buyDrink', 'moderate_bodySize'})",frozenset({'rain'}),0.2857142857142857,0.8083182640144665,0.23688969258589512,0.829113924050633,1.0257270693512306,0.005941617153190415,1.1216931216931225,2
353,"frozenset({'no_spec', '31-50age'})",frozenset({'rain'}),0.27486437613019893,0.8083182640144665,0.22784810126582278,0.8289473684210525,1.0255210173083715,0.005670205912841009,1.1206009180692722,2
19,frozenset({'31-50age'}),frozenset({'rain'}),0.49547920433996384,0.8083182640144665,0.4104882459312839,0.8284671532846716,1.024926925651954,0.009983355623935208,1.1174637374475787,1
21,frozenset({'31-50age'}),frozenset({'yes_buyDrink'}),0.49547920433996384,0.8209764918625678,0.4104882459312839,0.8284671532846716,1.0091240875912408,0.0037114669614040086,1.0436689623331155,1
590,"frozenset({'big_basket', 'rain', '31-50age'})",frozenset({'yes_buyDrink'}),0.2423146473779385,0.8209764918625678,0.2007233273056058,0.8283582089552239,1.0089913866789402,0.001788698174350678,1.0430065256702574,3
70,"frozenset({'rain', '31-50age'})",frozenset({'yes_buyDrink'}),0.4104882459312839,0.8209764918625678,0.3399638336347197,0.8281938325991189,1.0087911661394555,0.00296263353923526,1.0420086242871052,2
69,"frozenset({'yes_buyDrink', '31-50age'})",frozenset({'rain'}),0.4104882459312839,0.8083182640144665,0.3399638336347197,0.8281938325991189,1.0245887906651294,0.008158687285200916,1.1156860017619514,2
5,frozenset({'clothes_item'}),frozenset({'yes_buyDrink'}),0.566003616636528,0.8209764918625678,0.46835443037974683,0.8274760383386582,1.0079168484609649,0.0036787668119643846,1.0376732971669684,1
150,frozenset({'41-55mins_timespent'}),frozenset({'rain'}),0.3345388788426763,0.8083182640144665,0.2766726943942134,0.827027027027027,1.0231452929439506,0.00625880860275535,1.1081600361663655,1
319,"frozenset({'rain', '2basket'})",frozenset({'yes_buyDrink'}),0.2820976491862568,0.8209764918625678,0.2332730560578662,0.8269230769230769,1.0072433073534395,0.0016775176662557345,1.0343580470162745,2
375,"frozenset({'male', '31-50age'})",frozenset({'rain'}),0.27124773960216997,0.8083182640144665,0.22423146473779385,0.8266666666666667,1.0226994780014915,0.0049769627447197595,1.1058561691473086,2
382,"frozenset({'male', '31-50age'})",frozenset({'yes_buyDrink'}),0.27124773960216997,0.8209764918625678,0.22423146473779385,0.8266666666666667,1.0069309838472833,0.0015434470535530265,1.0328279315621087,2
451,frozenset({'25-40mins_timespent'}),frozenset({'yes_buyDrink'}),0.2603978300180832,0.8209764918625678,0.21518987341772153,0.8263888888888888,1.0065926333822808,0.0014093764408503184,1.031175406871609,1
140,"frozenset({'big_basket', 'no_spec'})",frozenset({'rain'}),0.3399638336347197,0.8083182640144665,0.28028933092224234,0.824468085106383,1.0199795325812748,0.005490355090922827,1.0920050413721305,2
413,frozenset({'dryer_8'}),frozenset({'rain'}),0.26763110307414106,0.8083182640144665,0.2206148282097649,0.8243243243243242,1.0198016808755064,0.004283719576598455,1.091111420225344,1
421,frozenset({'dryer_8'}),frozenset({'yes_buyDrink'}),0.26763110307414106,0.8209764918625678,0.2206148282097649,0.8243243243243242,1.004077866412668,0.0008959840946472786,1.0190568924746133,1
125,frozenset({'moderate_bodySize'}),frozenset({'yes_buyDrink'}),0.3471971066907776,0.8209764918625678,0.2857142857142857,0.8229166666666666,1.0023632525697503,0.0006736230784574193,1.0109562812466757,1
473,"frozenset({'3basket', 'rain'})",frozenset({'yes_buyDrink'}),0.2549728752260398,0.8209764918625678,0.20976491862567812,0.8226950354609929,1.0020932920923546,0.0004381820024917382,1.0096925858951173,2
32,frozenset({'female'}),frozenset({'rain'}),0.4484629294755877,0.8083182640144665,0.3688969258589512,0.8225806451612904,1.0176445117990909,0.006396149230401993,1.0803879664639164,1
149,frozenset({'2basket'}),frozenset({'yes_buyDrink'}),0.33634719710669075,0.8209764918625678,0.2766726943942134,0.8225806451612904,1.0019539576524088,0.0005395524657547668,1.0090415913200725,1
31,frozenset({'female'}),frozenset({'yes_buyDrink'}),0.4484629294755877,0.8209764918625678,0.3688969258589512,0.8225806451612904,1.0019539576524088,0.0007194032876730039,1.0090415913200725,1
624,"frozenset({'<=25mins_timespent', 'rain'})",frozenset({'yes_buyDrink'}),0.244122965641953,0.8209764918625678,0.2007233273056058,0.8222222222222223,1.0015173764072443,0.00030411138978905794,1.0070072332730564,2
574,"frozenset({'chinese_race', 'rain'})",frozenset({'yes_buyDrink'}),0.244122965641953,0.8209764918625678,0.2007233273056058,0.8222222222222223,1.0015173764072443,0.00030411138978905794,1.0070072332730564,2
181,frozenset({'fat_bodySize'}),frozenset({'yes_buyDrink'}),0.31464737793851716,0.8209764918625678,0.2585895117540687,0.82183908045977,1.0010506861106891,0.0002714112403493507,1.0048416263197804,1
163,frozenset({'41-55mins_timespent'}),frozenset({'yes_buyDrink'}),0.3345388788426763,0.8209764918625678,0.27486437613019893,0.8216216216216217,1.000785807834266,0.00021582098630190671,1.003616636528029,1
44,"frozenset({'clothes_item', 'rain'})",frozenset({'yes_buyDrink'}),0.4448462929475588,0.8209764918625678,0.36528028933092227,0.8211382113821138,1.0001969843486982,7.194032876728373e-05,1.0009041591320074,2
28,frozenset({'small_basket'}),frozenset({'rain'}),0.45027124773960214,0.8083182640144665,0.3688969258589512,0.819277108433735,1.0135575860488937,0.004934452550448221,1.0606389391199527,1
542,"frozenset({'yes_buyDrink', 'no_spec', 'male'})",frozenset({'rain'}),0.24773960216998192,0.8083182640144665,0.20253164556962025,0.8175182481751825,1.0113816358856285,0.002279200415945898,1.0504159132007236,3
262,"frozenset({'no_spec', 'male'})",frozenset({'rain'}),0.2965641952983725,0.8083182640144665,0.2423146473779385,0.8170731707317073,1.010831014350412,0.002596391865510833,1.0478601567209163,2
8,frozenset({'no_spec'}),frozenset({'rain'}),0.5533453887884268,0.8083182640144665,0.45207956600361665,0.8169934640522876,1.0107324063107719,0.004800381937745513,1.0474037716352367,1
478,"frozenset({'no_spec', 'female'})",frozenset({'rain'}),0.25678119349005424,0.8083182640144665,0.20976491862567812,0.8169014084507042,1.0106185209692158,0.0022039900722346517,1.0468771734594524,2
186,frozenset({'fat_bodySize'}),frozenset({'rain'}),0.31464737793851716,0.8083182640144665,0.25678119349005424,0.8160919540229885,1.0096171153796705,0.002445971178088313,1.0422694394213385,1
282,"frozenset({'big_basket', 'no_spec', 'yes_buyDrink'})",frozenset({'rain'}),0.29475587703435807,0.8083182640144665,0.24050632911392406,0.8159509202453987,1.0094426373505716,0.0022497702814501808,1.0414707655213984,3
108,"frozenset({'small_basket', 'yes_buyDrink'})",frozenset({'rain'}),0.35985533453887886,0.8083182640144665,0.29294755877034356,0.8140703517587939,1.007116117500253,0.0020699194595319437,1.030936904354626,2
82,"frozenset({'yes_buyDrink', 'female'})",frozenset({'rain'}),0.3688969258589512,0.8083182640144665,0.30018083182640143,0.8137254901960784,1.0066894766855288,0.00199470911582067,1.0290282668697062,2
241,"frozenset({'clothes_item', '31-50age'})",frozenset({'rain'}),0.30018083182640143,0.8083182640144665,0.244122965641953,0.8132530120481928,1.0061049567397107,0.0014813167696176854,1.026424779793502,2
22,"frozenset({'yes_buyDrink', 'no_spec'})",frozenset({'rain'}),0.47377938517179025,0.8083182640144665,0.38517179023508136,0.8129770992366412,1.00576361493929,0.0022072600871785863,1.0249105066981585,2
468,frozenset({'age>50'}),frozenset({'rain'}),0.2603978300180832,0.8083182640144665,0.2115732368896926,0.8125,1.0051733780760628,0.0010889149763414485,1.0223025919228454,1
576,frozenset({'chinese_race'}),"frozenset({'yes_buyDrink', 'rain'})",0.2820976491862568,0.6600361663652803,0.2007233273056058,0.7115384615384616,1.0780295047418336,0.014528676396051127,1.1785412899336951,1
286,"frozenset({'big_basket', 'no_spec'})","frozenset({'yes_buyDrink', 'rain'})",0.3399638336347197,0.6600361663652803,0.24050632911392406,0.7074468085106383,1.071830370154474,0.016117903658819738,1.1620581949695876,2
604,"frozenset({'big_basket', 'clothes_item', 'yes_buyDrink'})",frozenset({'no_spec'}),0.28390596745027125,0.5533453887884268,0.2007233273056058,0.7070063694267517,1.2776945172973648,0.04362526936748101,1.5244516078308046,3
26,frozenset({'no_spec'}),"frozenset({'yes_buyDrink', 'rain'})",0.5533453887884268,0.6600361663652803,0.38517179023508136,0.696078431372549,1.0546065001343004,0.019943821143262597,1.1185906784110131,1
321,frozenset({'2basket'}),"frozenset({'yes_buyDrink', 'rain'})",0.33634719710669075,0.6600361663652803,0.2332730560578662,0.6935483870967742,1.0507733097657976,0.011271741511858724,1.1093556676501382,1
332,frozenset({'41-55mins_timespent'}),"frozenset({'yes_buyDrink', 'rain'})",0.3345388788426763,0.6600361663652803,0.22965641952983726,0.6864864864864866,1.0400740466493892,0.00884866043837823,1.0843674003866064,1
73,frozenset({'31-50age'}),"frozenset({'yes_buyDrink', 'rain'})",0.49547920433996384,0.6600361663652803,0.3399638336347197,0.6861313868613139,1.0395360463953605,0.012929639088450628,1.083140586231549,1
605,"frozenset({'yes_buyDrink', 'no_spec', 'clothes_item'})",frozenset({'big_basket'}),0.29294755877034356,0.5497287522603979,0.2007233273056058,0.6851851851851852,1.2464059454191034,0.03968163134505526,1.430273375172854,3
397,"frozenset({'big_basket', 'clothes_item'})",frozenset({'no_spec'}),0.325497287522604,0.5533453887884268,0.2224231464737794,0.6833333333333333,1.2349128540305012,0.04231072336000577,1.410488245931284,2
549,"frozenset({'no_spec', 'male'})","frozenset({'yes_buyDrink', 'rain'})",0.2965641952983725,0.6600361663652803,0.20253164556962025,0.6829268292682926,1.0346809221516873,0.006788551023678174,1.0721936291556542,2
305,frozenset({'moderate_bodySize'}),"frozenset({'yes_buyDrink', 'rain'})",0.3471971066907776,0.6600361663652803,0.23688969258589512,0.6822916666666666,1.0337186073059361,0.007727045312597075,1.0700500993092816,1
603,"frozenset({'big_basket', 'no_spec', 'yes_buyDrink'})",frozenset({'clothes_item'}),0.29475587703435807,0.566003616636528,0.2007233273056058,0.6809815950920245,1.203140006664184,0.03389043487928742,1.3604117401585756,3
100,frozenset({'blankets_item'}),"frozenset({'yes_buyDrink', 'rain'})",0.43399638336347196,0.6600361663652803,0.29475587703435807,0.6791666666666667,1.0289840182648402,0.00830256794273554,1.0596275334069187,1
564,"frozenset({'clothes_item', '31-50age'})","frozenset({'yes_buyDrink', 'rain'})",0.30018083182640143,0.6600361663652803,0.20253164556962025,0.674698795180723,1.0222148869450405,0.004401440114581323,1.0450740070993239,2
86,frozenset({'female'}),"frozenset({'yes_buyDrink', 'rain'})",0.4484629294755877,0.6600361663652803,0.30018083182640143,0.6693548387096774,1.0141184268669907,0.004179079098391492,1.028183301724518,1
594,"frozenset({'big_basket', '31-50age'})","frozenset({'yes_buyDrink', 'rain'})",0.30018083182640143,0.6600361663652803,0.2007233273056058,0.6686746987951808,1.0130879683116027,0.0025931218505668707,1.0260726615156999,2
39,frozenset({'big_basket'}),"frozenset({'yes_buyDrink', 'rain'})",0.5497287522603979,0.6600361663652803,0.3670886075949367,0.6677631578947368,1.0117069214131218,0.004247749412214785,1.023257479454998,1
440,"frozenset({'big_basket', 'clothes_item'})","frozenset({'yes_buyDrink', 'rain'})",0.325497287522604,0.6600361663652803,0.21699819168173598,0.6666666666666666,1.0100456621004565,0.002158209863019067,1.019891500904159,2
538,frozenset({'formal_attire'}),"frozenset({'yes_buyDrink', 'rain'})",0.3037974683544304,0.6600361663652803,0.20253164556962025,0.6666666666666666,1.0100456621004565,0.002014329205484472,1.019891500904159,1
502,frozenset({'fat_bodySize'}),"frozenset({'yes_buyDrink', 'rain'})",0.31464737793851716,0.6600361663652803,0.20795660036166366,0.6609195402298851,1.0013383719099356,0.000277951270237331,1.002605204278665,1
284,"frozenset({'big_basket', 'yes_buyDrink', 'rain'})",frozenset({'no_spec'}),0.3670886075949367,0.5533453887884268,0.24050632911392406,0.6551724137931034,1.184020734730674,0.03737954082450157,1.2952983725135623,3
396,"frozenset({'big_basket', 'no_spec'})",frozenset({'clothes_item'}),0.3399638336347197,0.566003616636528,0.2224231464737794,0.6542553191489362,1.1559207395826254,0.030002387110909107,1.2552510780358883,2
398,"frozenset({'no_spec', 'clothes_item'})",frozenset({'big_basket'}),0.3453887884267631,0.5497287522603979,0.2224231464737794,0.643979057591623,1.1714487462110772,0.032552998767204355,1.2647324752685882,2
103,"frozenset({'big_basket', 'yes_buyDrink'})",frozenset({'no_spec'}),0.46112115732368897,0.5533453887884268,0.29475587703435807,0.6392156862745099,1.1551839036268103,0.039596610956512124,1.2380100636842521,2
141,"frozenset({'big_basket', 'rain'})",frozenset({'no_spec'}),0.4394213381555154,0.5533453887884268,0.28028933092224234,0.6378600823045268,1.1527340703085076,0.03713755971864793,1.2333758014137763,2
115,"frozenset({'yes_buyDrink', 'clothes_item'})",frozenset({'no_spec'}),0.46835443037974683,0.5533453887884268,0.29294755877034356,0.6254826254826255,1.1303656597774245,0.03378579440108037,1.1926138588020356,2
285,"frozenset({'yes_buyDrink', 'no_spec', 'rain'})",frozenset({'big_basket'}),0.38517179023508136,0.5497287522603979,0.24050632911392406,0.6244131455399061,1.135856807511737,0.028766321462089073,1.1988471971066907,3
64,frozenset({'no_spec'}),frozenset({'clothes_item'}),0.5533453887884268,0.566003616636528,0.3453887884267631,0.6241830065359477,1.1027897847104764,0.03219329712336788,1.154807767906282,1
340,"frozenset({'yes_buyDrink', 'clothes_item', 'rain'})",frozenset({'no_spec'}),0.36528028933092227,0.5533453887884268,0.22784810126582278,0.6237623762376237,1.1272568433313919,0.025721937549254587,1.187160940325497,3
104,"frozenset({'yes_buyDrink', 'no_spec'})",frozenset({'big_basket'}),0.47377938517179025,0.5497287522603979,0.29475587703435807,0.6221374045801528,1.1317170550421858,0.034305726777171364,1.1916269384623817,2
142,"frozenset({'no_spec', 'rain'})",frozenset({'big_basket'}),0.45207956600361665,0.5497287522603979,0.28028933092224234,0.62,1.127828947368421,0.03176819518065199,1.1849243361568478,2
66,frozenset({'big_basket'}),frozenset({'no_spec'}),0.5497287522603979,0.5533453887884268,0.3399638336347197,0.6184210526315789,1.1176040591675265,0.035773963487013116,1.1705431190372262,1
114,"frozenset({'yes_buyDrink', 'no_spec'})",frozenset({'clothes_item'}),0.47377938517179025,0.566003616636528,0.29294755877034356,0.6183206106870228,1.092432261054069,0.024786713275279648,1.1370705244122965,2
607,"frozenset({'big_basket', 'clothes_item'})","frozenset({'yes_buyDrink', 'no_spec'})",0.325497287522604,0.47377938517179025,0.2007233273056058,0.6166666666666667,1.3015903307888042,0.046509422548061036,1.3727494299866343,2
127,"frozenset({'big_basket', 'yes_buyDrink'})",frozenset({'clothes_item'}),0.46112115732368897,0.566003616636528,0.28390596745027125,0.615686274509804,1.0877779865939987,0.022909724697441902,1.1292763036498508,2
67,frozenset({'no_spec'}),frozenset({'big_basket'}),0.5533453887884268,0.5497287522603979,0.3399638336347197,0.6143790849673203,1.1176040591675267,0.035773963487013116,1.1676525576976124,1
166,"frozenset({'clothes_item', 'rain'})",frozenset({'no_spec'}),0.4448462929475588,0.5533453887884268,0.2730560578661845,0.6138211382113822,1.1092911419310272,0.026902412944027176,1.156600361663653,2
584,"frozenset({'casual_attire', 'rain'})",frozenset({'big_basket'}),0.32730560578661844,0.5497287522603979,0.2007233273056058,0.6132596685082874,1.1155677522535623,0.020794025028694374,1.1642727977266858,2
361,"frozenset({'yes_buyDrink', 'female'})",frozenset({'no_spec'}),0.3688969258589512,0.5533453887884268,0.22603978300180833,0.6127450980392157,1.1073465333845958,0.02191237013953154,1.153386590976721,2
201,"frozenset({'yes_buyDrink', '31-50age'})",frozenset({'clothes_item'}),0.4104882459312839,0.566003616636528,0.2513562386980108,0.6123348017621145,1.0818566944870587,0.0190184069141196,1.1195133979944107,2
210,"frozenset({'yes_buyDrink', '31-50age'})",frozenset({'big_basket'}),0.4104882459312839,0.5497287522603979,0.2513562386980108,0.6123348017621145,1.113885346626478,0.025699047444646794,1.161495150419201,2
369,"frozenset({'yes_buyDrink', 'casual_attire'})",frozenset({'clothes_item'}),0.3670886075949367,0.566003616636528,0.22423146473779385,0.6108374384236452,1.079211193125482,0.016457985212992438,1.1152058964909468,2
65,frozenset({'clothes_item'}),frozenset({'no_spec'}),0.566003616636528,0.5533453887884268,0.3453887884267631,0.610223642172524,1.1027897847104764,0.03219329712336788,1.1459253549936266,1
179,frozenset({'casual_attire'}),frozenset({'clothes_item'}),0.4267631103074141,0.566003616636528,0.2603978300180832,0.6101694915254238,1.0780310824714356,0.01884836613703328,1.1132950703671673,1
386,"frozenset({'yes_buyDrink', 'female'})",frozenset({'clothes_item'}),0.3688969258589512,0.566003616636528,0.22423146473779385,0.6078431372549019,1.0739209421787885,0.015434470535530348,1.1066907775768535,2
128,"frozenset({'yes_buyDrink', 'clothes_item'})",frozenset({'big_basket'}),0.46835443037974683,0.5497287522603979,0.28390596745027125,0.6061776061776062,1.102684921763869,0.026438070821983628,1.1433358153387938,2
404,"frozenset({'yes_buyDrink', 'casual_attire'})",frozenset({'big_basket'}),0.3670886075949367,0.5497287522603979,0.2224231464737794,0.6059113300492611,1.10220054446461,0.020623984251608024,1.1425632911392405,2
89,frozenset({'31-50age'}),frozenset({'clothes_item'}),0.49547920433996384,0.566003616636528,0.30018083182640143,0.6058394160583941,1.070380821342786,0.019737810201792605,1.101064898533253,1
91,frozenset({'31-50age'}),frozenset({'big_basket'}),0.49547920433996384,0.5497287522603979,0.30018083182640143,0.6058394160583941,1.1020697272378024,0.027801667053618417,1.1423548322282497,1
165,"frozenset({'no_spec', 'rain'})",frozenset({'clothes_item'}),0.45207956600361665,0.566003616636528,0.2730560578661845,0.6040000000000001,1.0671309904153357,0.01717738850066547,1.095950463039071,2
415,"frozenset({'yes_buyDrink', 'casual_attire'})",frozenset({'no_spec'}),0.3670886075949367,0.5533453887884268,0.2206148282097649,0.6009852216748768,1.0860942077980615,0.017488039920342424,1.1193936552586339,2
558,"frozenset({'yes_buyDrink', 'rain', '31-50age'})",frozenset({'clothes_item'}),0.3399638336347197,0.566003616636528,0.20253164556962025,0.5957446808510638,1.0525457140914962,0.010110886206749964,1.0735700009517466,3
242,"frozenset({'rain', '31-50age'})",frozenset({'clothes_item'}),0.4104882459312839,0.566003616636528,0.244122965641953,0.5947136563876652,1.0507241277392296,0.011785133858061764,1.0708389024294362,2
439,"frozenset({'yes_buyDrink', 'clothes_item', 'rain'})",frozenset({'big_basket'}),0.36528028933092227,0.5497287522603979,0.21699819168173598,0.594059405940594,1.0806409588327253,0.016193114002530956,1.1092047810170687,3
581,frozenset({'thin_bodySize'}),frozenset({'no_spec'}),0.33815551537070526,0.5533453887884268,0.2007233273056058,0.5935828877005348,1.0727167872496592,0.013606532181852066,1.0990054249547923,1
76,frozenset({'big_basket'}),frozenset({'clothes_item'}),0.5497287522603979,0.566003616636528,0.325497287522604,0.5921052631578947,1.0461156885824785,0.014348825574132862,1.0639911334072216,1
339,"frozenset({'yes_buyDrink', 'no_spec', 'rain'})",frozenset({'clothes_item'}),0.38517179023508136,0.566003616636528,0.22784810126582278,0.5915492957746479,1.0451334203302884,0.009839474966400613,1.0625428696140176,3
438,"frozenset({'big_basket', 'yes_buyDrink', 'rain'})",frozenset({'clothes_item'}),0.3670886075949367,0.566003616636528,0.21699819168173598,0.5911330049261083,1.0443979288311116,0.009224712156934572,1.0614610340094555,3
571,frozenset({'1basket'}),frozenset({'clothes_item'}),0.3399638336347197,0.566003616636528,0.2007233273056058,0.5904255319148937,1.0431479845013938,0.008302567942735511,1.0596275334069187,1
591,"frozenset({'yes_buyDrink', 'rain', '31-50age'})",frozenset({'big_basket'}),0.3399638336347197,0.5497287522603979,0.2007233273056058,0.5904255319148937,1.0740306550951848,0.01383543322792985,1.099363565909678,3
606,"frozenset({'big_basket', 'no_spec'})","frozenset({'yes_buyDrink', 'clothes_item'})",0.3399638336347197,0.46835443037974683,0.2007233273056058,0.5904255319148937,1.2606382978723405,0.041499759653901624,1.2980437284234754,2
579,frozenset({'1basket'}),frozenset({'no_spec'}),0.3399638336347197,0.5533453887884268,0.2007233273056058,0.5904255319148937,1.0670108468919484,0.012605907608997796,1.0905333364646206,1
258,"frozenset({'rain', '31-50age'})",frozenset({'big_basket'}),0.4104882459312839,0.5497287522603979,0.2423146473779385,0.5903083700440528,1.0738175284025038,0.016657456124574477,1.0990491745902116,2
490,"frozenset({'yes_buyDrink', 'blankets_item'})",frozenset({'male'}),0.352622061482821,0.5515370705244123,0.20795660036166366,0.5897435897435898,1.0692728036990333,0.013472461569149385,1.0931283905967453,2
207,frozenset({'casual_attire'}),frozenset({'big_basket'}),0.4267631103074141,0.5497287522603979,0.2513562386980108,0.5889830508474576,1.0714066681534344,0.016752286557949553,1.0955053037788258,1
518,"frozenset({'yes_spec', 'yes_buyDrink'})",frozenset({'male'}),0.3471971066907776,0.5515370705244123,0.20433996383363473,0.5885416666666667,1.067093579234973,0.012847888714851458,1.0899352210039603,2
277,"frozenset({'yes_buyDrink', '31-50age'})",frozenset({'no_spec'}),0.4104882459312839,0.5533453887884268,0.24050632911392406,0.5859030837004405,1.0588379257723648,0.013364551075998432,1.0786233696279481,2
23,"frozenset({'yes_buyDrink', 'rain'})",frozenset({'no_spec'}),0.6600361663652803,0.5533453887884268,0.38517179023508136,0.5835616438356164,1.0546065001343001,0.019943821143262597,1.0725587703435804,2
609,"frozenset({'no_spec', 'clothes_item'})","frozenset({'big_basket', 'yes_buyDrink'})",0.3453887884267631,0.46112115732368897,0.2007233273056058,0.581151832460733,1.2603018170619034,0.04145724945963003,1.2865732368896925,2
460,"frozenset({'yes_buyDrink', 'female'})",frozenset({'big_basket'}),0.3688969258589512,0.5497287522603979,0.21338155515370705,0.5784313725490196,1.0522123323013415,0.010588308388569334,1.0680852853358003,2
2,frozenset({'yes_buyDrink'}),frozenset({'no_spec'}),0.8209764918625678,0.5533453887884268,0.47377938517179025,0.5770925110132159,1.0429155509487202,0.019495829095939,1.056152049427366,1
77,frozenset({'clothes_item'}),frozenset({'big_basket'}),0.566003616636528,0.5497287522603979,0.325497287522604,0.5750798722044729,1.0461156885824785,0.014348825574132862,1.0596609063345526,1
184,frozenset({'female'}),frozenset({'clothes_item'}),0.4484629294755877,0.566003616636528,0.25678119349005424,0.5725806451612903,1.0116201174894361,0.0029495534794594103,1.0153877648503873,1
183,frozenset({'female'}),frozenset({'no_spec'}),0.4484629294755877,0.5533453887884268,0.25678119349005424,0.5725806451612903,1.034761754164031,0.008626299422188344,1.04500324132519,1
190,frozenset({'yes_spec'}),frozenset({'male'}),0.44665461121157324,0.5515370705244123,0.2549728752260398,0.5708502024291499,1.0350169244043275,0.008626299422188372,1.0450032413251904,1
4,frozenset({'yes_buyDrink'}),frozenset({'clothes_item'}),0.8209764918625678,0.566003616636528,0.46835443037974683,0.5704845814977973,1.0079168484609646,0.0036787668119643846,1.0104326053693142,1
480,"frozenset({'female', 'rain'})",frozenset({'no_spec'}),0.3688969258589512,0.5533453887884268,0.20976491862567812,0.5686274509803921,1.0276175829809047,0.005637505763401329,1.035426598717738,2
215,"frozenset({'big_basket', 'rain'})",frozenset({'clothes_item'}),0.4394213381555154,0.566003616636528,0.24954792043399637,0.5679012345679012,1.0033526604346625,0.0008338538107119098,1.0043916300697495,2
512,"frozenset({'small_basket', 'yes_buyDrink'})",frozenset({'male'}),0.35985533453887886,0.5515370705244123,0.20433996383363473,0.5678391959798995,1.0295576241865063,0.005866406809479141,1.0377223600656043,2
194,frozenset({'small_basket'}),frozenset({'male'}),0.45027124773960214,0.5515370705244123,0.2549728752260398,0.5662650602409639,1.0267035354532887,0.0066315903063677295,1.0339561985131607,1
199,frozenset({'female'}),frozenset({'big_basket'}),0.4484629294755877,0.5497287522603979,0.25316455696202533,0.5645161290322581,1.0268994057724958,0.006631590306367702,1.0339561985131607,1
273,frozenset({'casual_attire'}),frozenset({'no_spec'}),0.4267631103074141,0.5533453887884268,0.24050632911392406,0.5635593220338984,1.0184585133488424,0.0043589299203097565,1.0234027985041874,1
544,"frozenset({'yes_buyDrink', 'rain', 'male'})",frozenset({'no_spec'}),0.35985533453887886,0.5533453887884268,0.20253164556962025,0.5628140703517588,1.0171117023023615,0.0034073555716149506,1.0216582486333687,3
7,frozenset({'yes_buyDrink'}),frozenset({'big_basket'}),0.8209764918625678,0.5497287522603979,0.46112115732368897,0.5616740088105727,1.021729364711338,0.009806774816960906,1.0272519923305496,1
504,frozenset({'toddler_kids'}),frozenset({'male'}),0.3670886075949367,0.5515370705244123,0.20614828209764918,0.5615763546798029,1.0182023742227246,0.0036853068418522816,1.022898591949936,1
216,"frozenset({'clothes_item', 'rain'})",frozenset({'big_basket'}),0.4448462929475588,0.5497287522603979,0.24954792043399637,0.5609756097560975,1.02045892169448,0.005003122864271459,1.025617842073538,2
9,frozenset({'rain'}),frozenset({'no_spec'}),0.8083182640144665,0.5533453887884268,0.45207956600361665,0.5592841163310962,1.0107324063107719,0.004800381937745513,1.0134751838150926,1
254,frozenset({'blankets_item'}),frozenset({'male'}),0.43399638336347196,0.5515370705244123,0.2423146473779385,0.5583333333333333,1.0123224043715848,0.0029495534794594103,1.0153877648503873,1
38,"frozenset({'yes_buyDrink', 'rain'})",frozenset({'big_basket'}),0.6600361663652803,0.5497287522603979,0.3670886075949367,0.5561643835616439,1.0117069214131218,0.004247749412214785,1.0145000334873753,2
354,"frozenset({'rain', '31-50age'})",frozenset({'no_spec'}),0.4104882459312839,0.5533453887884268,0.22784810126582278,0.5550660792951542,1.0031096138896087,0.0007063232278971543,1.003867294505219,2
161,frozenset({'31-50age'}),frozenset({'no_spec'}),0.49547920433996384,0.5533453887884268,0.27486437613019893,0.5547445255474452,1.0025285053194026,0.0006932431681213047,1.0031423235407464,1
556,"frozenset({'yes_buyDrink', 'clothes_item', 'rain'})",frozenset({'31-50age'}),0.36528028933092227,0.49547920433996384,0.20253164556962025,0.5544554455445544,1.1190286911902867,0.021542858450863095,1.1323688969258587,3
525,"frozenset({'small_basket', 'rain'})",frozenset({'male'}),0.3688969258589512,0.5515370705244123,0.20433996383363473,0.553921568627451,1.0043233686917392,0.0008796340199274943,1.005345468274944,2
508,"frozenset({'female', 'rain'})",frozenset({'big_basket'}),0.3688969258589512,0.5497287522603979,0.20433996383363473,0.553921568627451,1.0076270639834881,0.0015467170684970166,1.0093992806470202,2
256,"frozenset({'big_basket', 'rain'})",frozenset({'31-50age'}),0.4394213381555154,0.49547920433996384,0.2423146473779385,0.5514403292181069,1.1129434381664713,0.024590512378641544,1.1247573701411813,2
240,"frozenset({'clothes_item', 'rain'})",frozenset({'31-50age'}),0.4448462929475588,0.49547920433996384,0.244122965641953,0.5487804878048781,1.1075752180879475,0.023710878358714105,1.1181271687600802,2
288,"frozenset({'big_basket', 'rain'})","frozenset({'yes_buyDrink', 'no_spec'})",0.4394213381555154,0.47377938517179025,0.24050632911392406,0.5473251028806585,1.1552319919580312,0.032317557691238646,1.1624691763932273,2
588,"frozenset({'big_basket', 'yes_buyDrink', 'rain'})",frozenset({'31-50age'}),0.3670886075949367,0.49547920433996384,0.2007233273056058,0.5467980295566502,1.103574125346086,0.018838556092201336,1.1132361034672538,3
90,frozenset({'big_basket'}),frozenset({'31-50age'}),0.5497287522603979,0.49547920433996384,0.30018083182640143,0.5460526315789473,1.1020697272378024,0.027801667053618417,1.1114081295699347,1
208,"frozenset({'big_basket', 'yes_buyDrink'})",frozenset({'31-50age'}),0.46112115732368897,0.49547920433996384,0.2513562386980108,0.5450980392156862,1.1001431229426075,0.02288029456294613,1.1090758870112862,2
326,frozenset({'casual_attire'}),frozenset({'31-50age'}),0.4267631103074141,0.49547920433996384,0.2314647377938517,0.5423728813559322,1.0946430780650749,0.020012491457085946,1.1024713682941532,1
200,"frozenset({'yes_buyDrink', 'clothes_item'})",frozenset({'31-50age'}),0.46835443037974683,0.49547920433996384,0.2513562386980108,0.5366795366795366,1.0831524955612546,0.019296358184356877,1.0889240506329112,2
105,frozenset({'big_basket'}),"frozenset({'yes_buyDrink', 'no_spec'})",0.5497287522603979,0.47377938517179025,0.29475587703435807,0.5361842105263158,1.1317170550421856,0.034305726777171364,1.1345465738140128,1
106,frozenset({'no_spec'}),"frozenset({'big_basket', 'yes_buyDrink'})",0.5533453887884268,0.46112115732368897,0.29475587703435807,0.5326797385620915,1.1551839036268101,0.039596610956512124,1.1531253556570011,1
290,"frozenset({'no_spec', 'rain'})","frozenset({'big_basket', 'yes_buyDrink'})",0.45207956600361665,0.46112115732368897,0.24050632911392406,0.532,1.1537098039215687,0.032042876435945306,1.1514505185391262,2
299,frozenset({'yes_spec'}),frozenset({'small_basket'}),0.44665461121157324,0.45027124773960214,0.23688969258589512,0.5303643724696356,1.177877501910476,0.035773963487013144,1.1705431190372264,1
88,frozenset({'clothes_item'}),frozenset({'31-50age'}),0.566003616636528,0.49547920433996384,0.30018083182640143,0.5303514376996805,1.070380821342786,0.019737810201792605,1.0742517621876961,1
118,frozenset({'no_spec'}),"frozenset({'yes_buyDrink', 'clothes_item'})",0.5533453887884268,0.46835443037974683,0.29294755877034356,0.5294117647058824,1.1303656597774245,0.03378579440108037,1.1297468354430378,1
298,frozenset({'small_basket'}),frozenset({'yes_spec'}),0.45027124773960214,0.44665461121157324,0.23688969258589512,0.5261044176706827,1.177877501910476,0.035773963487013144,1.1676525576976124,1
373,frozenset({'casual_attire'}),"frozenset({'yes_buyDrink', 'clothes_item'})",0.4267631103074141,0.46835443037974683,0.22423146473779385,0.5254237288135594,1.1218506642235457,0.024355071302675863,1.120253164556962,1
287,"frozenset({'big_basket', 'yes_buyDrink'})","frozenset({'no_spec', 'rain'})",0.46112115732368897,0.45207956600361665,0.24050632911392406,0.5215686274509804,1.1537098039215687,0.032042876435945306,1.145243530074408,2
406,frozenset({'casual_attire'}),"frozenset({'big_basket', 'yes_buyDrink'})",0.4267631103074141,0.46112115732368897,0.2224231464737794,0.5211864406779662,1.130259222333001,0.025633647145767463,1.125446078509818,1
367,frozenset({'blankets_item'}),frozenset({'yes_spec'}),0.43399638336347196,0.44665461121157324,0.22603978300180833,0.5208333333333334,1.1660762483130904,0.03219329712336785,1.154807767906282,1
119,frozenset({'clothes_item'}),"frozenset({'yes_buyDrink', 'no_spec'})",0.566003616636528,0.47377938517179025,0.29294755877034356,0.5175718849840256,1.0924322610540693,0.024786713275279648,1.090775181729998,1
419,frozenset({'casual_attire'}),"frozenset({'yes_buyDrink', 'no_spec'})",0.4267631103074141,0.47377938517179025,0.2206148282097649,0.5169491525423728,1.0911178677707334,0.018423264194317363,1.0893689921005043,1
129,frozenset({'big_basket'}),"frozenset({'yes_buyDrink', 'clothes_item'})",0.5497287522603979,0.46835443037974683,0.28390596745027125,0.5164473684210527,1.1026849217638692,0.026438070821983628,1.0994575045207955,1
68,"frozenset({'yes_buyDrink', 'rain'})",frozenset({'31-50age'}),0.6600361663652803,0.49547920433996384,0.3399638336347197,0.5150684931506849,1.0395360463953605,0.012929639088450628,1.040395991050357,2
347,"frozenset({'clothes_item', 'rain'})","frozenset({'yes_buyDrink', 'no_spec'})",0.4448462929475588,0.47377938517179025,0.22784810126582278,0.5121951219512195,1.0810835970955128,0.01708909809717829,1.0787522603978301,2
374,"frozenset({'rain', 'male'})",frozenset({'31-50age'}),0.4394213381555154,0.49547920433996384,0.22423146473779385,0.5102880658436214,1.029887957706287,0.006507329738496881,1.0302399440788974,2
143,frozenset({'big_basket'}),"frozenset({'no_spec', 'rain'})",0.5497287522603979,0.45207956600361665,0.28028933092224234,0.5098684210526316,1.127828947368421,0.03176819518065199,1.117904778086581,1
18,frozenset({'rain'}),frozenset({'31-50age'}),0.8083182640144665,0.49547920433996384,0.4104882459312839,0.5078299776286354,1.0249269256519538,0.009983355623935208,1.025094525727437,1
276,"frozenset({'yes_buyDrink', 'no_spec'})",frozenset({'31-50age'}),0.47377938517179025,0.49547920433996384,0.24050632911392406,0.5076335877862596,1.0245305622109544,0.00575849631632816,1.0246856469994534,2
289,"frozenset({'yes_buyDrink', 'no_spec'})","frozenset({'big_basket', 'rain'})",0.47377938517179025,0.4394213381555154,0.24050632911392406,0.5076335877862596,1.155231991958031,0.032317557691238646,1.1385396077771703,2
205,frozenset({'31-50age'}),"frozenset({'yes_buyDrink', 'clothes_item'})",0.49547920433996384,0.46835443037974683,0.2513562386980108,0.5072992700729927,1.0831524955612546,0.019296358184356877,1.0790436005625879,1
213,frozenset({'31-50age'}),"frozenset({'big_basket', 'yes_buyDrink'})",0.49547920433996384,0.46112115732368897,0.2513562386980108,0.5072992700729927,1.1001431229426077,0.02288029456294613,1.0937244658763645,1
144,frozenset({'no_spec'}),"frozenset({'big_basket', 'rain'})",0.5533453887884268,0.4394213381555154,0.28028933092224234,0.5065359477124184,1.1527340703085076,0.03713755971864793,1.1360070895656444,1
366,frozenset({'yes_spec'}),frozenset({'blankets_item'}),0.44665461121157324,0.43399638336347196,0.22603978300180833,0.5060728744939271,1.1660762483130904,0.03219329712336785,1.1459253549936266,1
365,frozenset({'female'}),"frozenset({'yes_buyDrink', 'no_spec'})",0.4484629294755877,0.47377938517179025,0.22603978300180833,0.5040322580645161,1.0638543462201429,0.013567292002524461,1.0609976624178539,1
346,"frozenset({'no_spec', 'rain'})","frozenset({'yes_buyDrink', 'clothes_item'})",0.45207956600361665,0.46835443037974683,0.22784810126582278,0.504,1.076108108108108,0.016114633643875748,1.0718660677827683,2
352,"frozenset({'no_spec', 'rain'})",frozenset({'31-50age'}),0.45207956600361665,0.49547920433996384,0.22784810126582278,0.504,1.0171970802919708,0.0038520776039946414,1.0171790235081375,2
130,frozenset({'clothes_item'}),"frozenset({'big_basket', 'yes_buyDrink'})",0.566003616636528,0.46112115732368897,0.28390596745027125,0.501597444089457,1.0877779865939987,0.022909724697441902,1.0812120369082396,1
20,frozenset({'yes_buyDrink'}),frozenset({'31-50age'}),0.8209764918625678,0.49547920433996384,0.4104882459312839,0.5,1.0091240875912408,0.0037114669614040086,1.0090415913200723,1
392,frozenset({'female'}),frozenset({'31-50age'}),0.4484629294755877,0.49547920433996384,0.22423146473779385,0.5,1.0091240875912408,0.0020274092652603493,1.0090415913200723,1
390,frozenset({'female'}),"frozenset({'yes_buyDrink', 'clothes_item'})",0.4484629294755877,0.46835443037974683,0.22423146473779385,0.5,1.0675675675675675,0.01419186485682239,1.0632911392405062,1
160,frozenset({'no_spec'}),frozenset({'31-50age'}),0.5533453887884268,0.49547920433996384,0.27486437613019893,0.49673202614379086,1.0025285053194026,0.0006932431681213047,1.0024893731946174,1
380,"frozenset({'yes_buyDrink', 'male'})",frozenset({'31-50age'}),0.45207956600361665,0.49547920433996384,0.22423146473779385,0.496,1.001051094890511,0.00023544107596570885,1.001033324722294,2
441,"frozenset({'big_basket', 'rain'})","frozenset({'yes_buyDrink', 'clothes_item'})",0.4394213381555154,0.46835443037974683,0.21699819168173598,0.49382716049382713,1.0543877210543877,0.01119326115320346,1.050324174127817,2
167,frozenset({'no_spec'}),"frozenset({'clothes_item', 'rain'})",0.5533453887884268,0.4448462929475588,0.2730560578661845,0.4934640522875818,1.1092911419310274,0.026902412944027176,1.09598086682611,1
565,"frozenset({'rain', '31-50age'})","frozenset({'yes_buyDrink', 'clothes_item'})",0.4104882459312839,0.46835443037974683,0.20253164556962025,0.4933920704845815,1.053458745088701,0.010277656968892351,1.0494221243808475,2
562,"frozenset({'yes_buyDrink', '31-50age'})","frozenset({'clothes_item', 'rain'})",0.4104882459312839,0.4448462929475588,0.20253164556962025,0.4933920704845815,1.1091293291787543,0.019927471068542757,1.0958251434861233,2
245,frozenset({'31-50age'}),"frozenset({'clothes_item', 'rain'})",0.49547920433996384,0.4448462929475588,0.244122965641953,0.4927007299270073,1.1075752180879472,0.023710878358714105,1.0943317678587692,1
261,frozenset({'31-50age'}),"frozenset({'big_basket', 'rain'})",0.49547920433996384,0.4394213381555154,0.2423146473779385,0.4890510948905109,1.1129434381664713,0.024590512378641544,1.097132523895634,1
596,"frozenset({'yes_buyDrink', '31-50age'})","frozenset({'big_basket', 'rain'})",0.4104882459312839,0.4394213381555154,0.2007233273056058,0.4889867841409692,1.1127970848969382,0.02034603298137072,1.0969944503336035,2
597,"frozenset({'rain', '31-50age'})","frozenset({'big_basket', 'yes_buyDrink'})",0.4104882459312839,0.46112115732368897,0.2007233273056058,0.4889867841409692,1.0604301632547293,0.011438512274001111,1.0545301490303673,2
443,"frozenset({'clothes_item', 'rain'})","frozenset({'big_basket', 'yes_buyDrink'})",0.4448462929475588,0.46112115732368897,0.21699819168173598,0.4878048780487805,1.0578670492587279,0.011870154246604897,1.0520967880823215,2
343,"frozenset({'yes_buyDrink', 'clothes_item'})","frozenset({'no_spec', 'rain'})",0.46835443037974683,0.45207956600361665,0.22784810126582278,0.48648648648648646,1.076108108108108,0.016114633643875748,1.0670029504140095,2
281,frozenset({'31-50age'}),"frozenset({'yes_buyDrink', 'no_spec'})",0.49547920433996384,0.47377938517179025,0.24050632911392406,0.4854014598540146,1.0245305622109544,0.00575849631632816,1.0225847408718405,1
485,frozenset({'blankets_item'}),frozenset({'small_basket'}),0.43399638336347196,0.45027124773960214,0.20976491862567812,0.48333333333333334,1.0734270414993308,0.01434882557413289,1.0639911334072218,1
168,frozenset({'clothes_item'}),"frozenset({'no_spec', 'rain'})",0.566003616636528,0.45207956600361665,0.2730560578661845,0.48242811501597455,1.0671309904153357,0.01717738850066547,1.0586363940794323,1
403,"frozenset({'big_basket', 'yes_buyDrink'})",frozenset({'casual_attire'}),0.46112115732368897,0.4267631103074141,0.2224231464737794,0.4823529411764706,1.130259222333001,0.025633647145767463,1.107389445997041,2
342,"frozenset({'yes_buyDrink', 'no_spec'})","frozenset({'clothes_item', 'rain'})",0.47377938517179025,0.4448462929475588,0.22784810126582278,0.4809160305343511,1.0810835970955128,0.01708909809717829,1.0694872885863207,2
494,frozenset({'blankets_item'}),"frozenset({'yes_buyDrink', 'male'})",0.43399638336347196,0.45207956600361665,0.20795660036166366,0.4791666666666667,1.0599166666666666,0.011755703723566019,1.0520072332730561,1
387,"frozenset({'yes_buyDrink', 'clothes_item'})",frozenset({'female'}),0.46835443037974683,0.4484629294755877,0.22423146473779385,0.47876447876447875,1.0675675675675675,0.01419186485682239,1.0581340834505388,2
368,"frozenset({'yes_buyDrink', 'clothes_item'})",frozenset({'casual_attire'}),0.46835443037974683,0.4267631103074141,0.22423146473779385,0.47876447876447875,1.1218506642235455,0.024355071302675863,1.0997655883731832,2
360,"frozenset({'yes_buyDrink', 'no_spec'})",frozenset({'female'}),0.47377938517179025,0.4484629294755877,0.22603978300180833,0.4770992366412214,1.0638543462201429,0.013567292002524461,1.0547643246525258,2
27,frozenset({'rain'}),"frozenset({'yes_buyDrink', 'no_spec'})",0.8083182640144665,0.47377938517179025,0.38517179023508136,0.476510067114094,1.00576361493929,0.0022072600871785863,1.0052163026846574,1
462,frozenset({'female'}),"frozenset({'big_basket', 'yes_buyDrink'})",0.4484629294755877,0.46112115732368897,0.21338155515370705,0.47580645161290325,1.0318469323213157,0.006585810097152145,1.0280150229517317,1
442,"frozenset({'big_basket', 'yes_buyDrink'})","frozenset({'clothes_item', 'rain'})",0.46112115732368897,0.4448462929475588,0.21699819168173598,0.47058823529411764,1.0578670492587279,0.011870154246604897,1.0486236688768336,2
586,frozenset({'casual_attire'}),"frozenset({'big_basket', 'rain'})",0.4267631103074141,0.4394213381555154,0.2007233273056058,0.4703389830508475,1.0703599079305295,0.013194510298912082,1.058372513562387,1
25,frozenset({'yes_buyDrink'}),"frozenset({'no_spec', 'rain'})",0.8209764918625678,0.45207956600361665,0.38517179023508136,0.46916299559471364,1.0377885462555065,0.014025094094680002,1.0321820623832283,1
482,frozenset({'female'}),"frozenset({'no_spec', 'rain'})",0.4484629294755877,0.45207956600361665,0.20976491862567812,0.467741935483871,1.0346451612903227,0.007023992099643883,1.0294262699325991,1
327,frozenset({'31-50age'}),frozenset({'casual_attire'}),0.49547920433996384,0.4267631103074141,0.2314647377938517,0.46715328467153283,1.0946430780650749,0.020012491457085946,1.0758007381901955,1
484,frozenset({'small_basket'}),frozenset({'blankets_item'}),0.45027124773960214,0.43399638336347196,0.20976491862567812,0.46586345381526106,1.0734270414993308,0.01434882557413289,1.0596609063345526,1
414,"frozenset({'yes_buyDrink', 'no_spec'})",frozenset({'casual_attire'}),0.47377938517179025,0.4267631103074141,0.2206148282097649,0.46564885496183206,1.0911178677707336,0.018423264194317363,1.0727718935675536,2
526,"frozenset({'rain', 'male'})",frozenset({'small_basket'}),0.4394213381555154,0.45027124773960214,0.20433996383363473,0.4650205761316873,1.0327565405655545,0.006481169618945182,1.0275698984559745,2
507,"frozenset({'big_basket', 'rain'})",frozenset({'female'}),0.4394213381555154,0.4484629294755877,0.20433996383363473,0.4650205761316873,1.0369208814549318,0.0072757832503294595,1.030950062595632,2
182,frozenset({'no_spec'}),frozenset({'female'}),0.5533453887884268,0.4484629294755877,0.25678119349005424,0.4640522875816993,1.034761754164031,0.008626299422188344,1.029087460856525,1
479,"frozenset({'no_spec', 'rain'})",frozenset({'female'}),0.45207956600361665,0.4484629294755877,0.20976491862567812,0.46399999999999997,1.0346451612903225,0.007023992099643883,1.0289870718739034,2
444,"frozenset({'yes_buyDrink', 'clothes_item'})","frozenset({'big_basket', 'rain'})",0.46835443037974683,0.4394213381555154,0.21699819168173598,0.46332046332046334,1.0543877210543877,0.01119326115320346,1.0445314634368452,2
459,"frozenset({'big_basket', 'yes_buyDrink'})",frozenset({'female'}),0.46112115732368897,0.4484629294755877,0.21338155515370705,0.46274509803921565,1.0318469323213155,0.006585810097152145,1.0265835984213512,2
195,frozenset({'male'}),frozenset({'small_basket'}),0.5515370705244123,0.45027124773960214,0.2549728752260398,0.46229508196721314,1.0267035354532887,0.0066315903063677295,1.022361399020862,1
191,frozenset({'male'}),frozenset({'yes_spec'}),0.5515370705244123,0.44665461121157324,0.2549728752260398,0.46229508196721314,1.0350169244043275,0.008626299422188372,1.0290874608565255,1
198,frozenset({'big_basket'}),frozenset({'female'}),0.5497287522603979,0.4484629294755877,0.25316455696202533,0.4605263157894737,1.0268994057724958,0.006631590306367702,1.0223613990208618,1
178,frozenset({'clothes_item'}),frozenset({'casual_attire'}),0.566003616636528,0.4267631103074141,0.2603978300180832,0.46006389776357837,1.0780310824714359,0.01884836613703328,1.0616754229217717,1
491,"frozenset({'yes_buyDrink', 'male'})",frozenset({'blankets_item'}),0.45207956600361665,0.43399638336347196,0.20795660036166366,0.46,1.0599166666666668,0.011755703723566019,1.0481548456232002,2
357,frozenset({'31-50age'}),"frozenset({'no_spec', 'rain'})",0.49547920433996384,0.45207956600361665,0.22784810126582278,0.45985401459854014,1.0171970802919708,0.0038520776039946414,1.0143932359122232,1
521,frozenset({'yes_spec'}),"frozenset({'yes_buyDrink', 'male'})",0.44665461121157324,0.45207956600361665,0.20433996383363473,0.45748987854251016,1.0119676113360325,0.0024165410435925683,1.0099727402769156,1
206,frozenset({'big_basket'}),frozenset({'casual_attire'}),0.5497287522603979,0.4267631103074141,0.2513562386980108,0.4572368421052631,1.0714066681534344,0.016752286557949553,1.0561455422214914,1
211,frozenset({'big_basket'}),"frozenset({'yes_buyDrink', '31-50age'})",0.5497287522603979,0.4104882459312839,0.2513562386980108,0.4572368421052631,1.113885346626478,0.025699047444646794,1.0861307468902401,1
583,"frozenset({'big_basket', 'rain'})",frozenset({'casual_attire'}),0.4394213381555154,0.4267631103074141,0.2007233273056058,0.45679012345679015,1.0703599079305295,0.013194510298912082,1.0552770014795332,2
593,"frozenset({'big_basket', 'rain'})","frozenset({'yes_buyDrink', '31-50age'})",0.4394213381555154,0.4104882459312839,0.2007233273056058,0.45679012345679015,1.1127970848969382,0.02034603298137072,1.0852375472628637,2
33,frozenset({'rain'}),frozenset({'female'}),0.8083182640144665,0.4484629294755877,0.3688969258589512,0.4563758389261745,1.0176445117990907,0.006396149230401993,1.0145558457794743,1
29,frozenset({'rain'}),frozenset({'small_basket'}),0.8083182640144665,0.45027124773960214,0.3688969258589512,0.4563758389261745,1.0135575860488937,0.004934452550448221,1.0112294331703615,1
510,frozenset({'female'}),"frozenset({'big_basket', 'rain'})",0.4484629294755877,0.4394213381555154,0.20433996383363473,0.4556451612903226,1.0369208814549318,0.0072757832503294595,1.0298037639809792,1
563,"frozenset({'clothes_item', 'rain'})","frozenset({'yes_buyDrink', '31-50age'})",0.4448462929475588,0.4104882459312839,0.20253164556962025,0.45528455284552843,1.1091293291787543,0.019927471068542757,1.082237996275404,2
83,"frozenset({'yes_buyDrink', 'rain'})",frozenset({'female'}),0.6600361663652803,0.4484629294755877,0.30018083182640143,0.45479452054794517,1.0141184268669907,0.004179079098391492,1.0116132198060825,2
217,frozenset({'big_basket'}),"frozenset({'clothes_item', 'rain'})",0.5497287522603979,0.4448462929475588,0.24954792043399637,0.4539473684210526,1.02045892169448,0.005003122864271459,1.016667029782784,1
515,frozenset({'small_basket'}),"frozenset({'yes_buyDrink', 'male'})",0.45027124773960214,0.45207956600361665,0.20433996383363473,0.45381526104417674,1.0038393574297189,0.0007815335716084282,1.003177853419849,1
527,frozenset({'small_basket'}),"frozenset({'rain', 'male'})",0.45027124773960214,0.4394213381555154,0.20433996383363473,0.45381526104417674,1.0327565405655545,0.006481169618945182,1.0263535794064462,1
185,frozenset({'clothes_item'}),frozenset({'female'}),0.566003616636528,0.4484629294755877,0.25678119349005424,0.4536741214057508,1.0116201174894364,0.0029495534794594103,1.009538614468661,1
393,frozenset({'31-50age'}),frozenset({'female'}),0.49547920433996384,0.4484629294755877,0.22423146473779385,0.45255474452554745,1.0091240875912408,0.0020274092652603493,1.0074743821579264,1
385,frozenset({'31-50age'}),"frozenset({'yes_buyDrink', 'male'})",0.49547920433996384,0.45207956600361665,0.22423146473779385,0.45255474452554745,1.001051094890511,0.00023544107596570885,1.000867992766727,1
379,frozenset({'31-50age'}),"frozenset({'rain', 'male'})",0.49547920433996384,0.4394213381555154,0.22423146473779385,0.45255474452554745,1.029887957706287,0.006507329738496881,1.023990355635925,1
520,"frozenset({'yes_buyDrink', 'male'})",frozenset({'yes_spec'}),0.45207956600361665,0.44665461121157324,0.20433996383363473,0.452,1.0119676113360325,0.0024165410435925683,1.0097543591029685,2
514,"frozenset({'yes_buyDrink', 'male'})",frozenset({'small_basket'}),0.45207956600361665,0.45027124773960214,0.20433996383363473,0.452,1.0038393574297189,0.0007815335716084282,1.0031546574094852,2
618,"frozenset({'clothes_item', 'rain'})",frozenset({'female'}),0.4448462929475588,0.4484629294755877,0.2007233273056058,0.45121951219512196,1.0061467348544453,0.001226255603988119,1.005023106288929,2
49,frozenset({'rain'}),frozenset({'blankets_item'}),0.8083182640144665,0.43399638336347196,0.36347197106690776,0.44966442953020136,1.0361017897091722,0.012664767877989203,1.0284699863273499,1
30,frozenset({'yes_buyDrink'}),frozenset({'female'}),0.8209764918625678,0.4484629294755877,0.3688969258589512,0.44933920704845814,1.0019539576524088,0.0007194032876730039,1.0015913200723325,1
619,frozenset({'female'}),"frozenset({'clothes_item', 'rain'})",0.4484629294755877,0.4448462929475588,0.2007233273056058,0.44758064516129037,1.0061467348544453,0.001226255603988119,1.0049497762701127,1
40,frozenset({'yes_buyDrink'}),"frozenset({'big_basket', 'rain'})",0.8209764918625678,0.4394213381555154,0.3670886075949367,0.447136563876652,1.017557694748101,0.006334018946466569,1.0139550297904223,1
34,frozenset({'yes_buyDrink'}),frozenset({'casual_attire'}),0.8209764918625678,0.4267631103074141,0.3670886075949367,0.447136563876652,1.0477394907787652,0.016726126438397826,1.0368507885276255,1
97,"frozenset({'yes_buyDrink', 'rain'})",frozenset({'blankets_item'}),0.6600361663652803,0.43399638336347196,0.29475587703435807,0.4465753424657535,1.0289840182648404,0.00830256794273554,1.0227293072887762,2
45,frozenset({'yes_buyDrink'}),"frozenset({'clothes_item', 'rain'})",0.8209764918625678,0.4448462929475588,0.36528028933092227,0.44493392070484583,1.0001969843486982,7.194032876728373e-05,1.000157869054795,1
204,frozenset({'clothes_item'}),"frozenset({'yes_buyDrink', '31-50age'})",0.566003616636528,0.4104882459312839,0.2513562386980108,0.4440894568690096,1.0818566944870585,0.0190184069141196,1.0604435576063684,1
218,frozenset({'clothes_item'}),"frozenset({'big_basket', 'rain'})",0.566003616636528,0.4394213381555154,0.24954792043399637,0.44089456869009586,1.0033526604346625,0.0008338538107119098,1.0026349780418495,1
259,frozenset({'big_basket'}),"frozenset({'rain', '31-50age'})",0.5497287522603979,0.4104882459312839,0.2423146473779385,0.4407894736842105,1.073817528402504,0.016657456124574477,1.0541857249228803,1
255,frozenset({'male'}),frozenset({'blankets_item'}),0.5515370705244123,0.43399638336347196,0.2423146473779385,0.439344262295082,1.0123224043715848,0.0029495534794594103,1.0095386144686613,1
292,frozenset({'big_basket'}),"frozenset({'yes_buyDrink', 'no_spec', 'rain'})",0.5497287522603979,0.38517179023508136,0.24050632911392406,0.4375,1.1358568075117372,0.028766321462089073,1.0930279284709665,1
592,"frozenset({'big_basket', 'yes_buyDrink'})","frozenset({'rain', '31-50age'})",0.46112115732368897,0.4104882459312839,0.2007233273056058,0.43529411764705883,1.0604301632547293,0.011438512274001111,1.0439270644966847,2
608,"frozenset({'big_basket', 'yes_buyDrink'})","frozenset({'no_spec', 'clothes_item'})",0.46112115732368897,0.3453887884267631,0.2007233273056058,0.43529411764705883,1.2603018170619034,0.04145724945963003,1.1592073538276069,2
280,frozenset({'no_spec'}),"frozenset({'yes_buyDrink', '31-50age'})",0.5533453887884268,0.4104882459312839,0.24050632911392406,0.434640522875817,1.0588379257723648,0.013364551075998432,1.0427202123990007,1
272,frozenset({'no_spec'}),frozenset({'casual_attire'}),0.5533453887884268,0.4267631103074141,0.24050632911392406,0.434640522875817,1.0184585133488424,0.0043589299203097565,1.013933458068967,1
293,frozenset({'no_spec'}),"frozenset({'big_basket', 'yes_buyDrink', 'rain'})",0.5533453887884268,0.3670886075949367,0.24050632911392406,0.434640522875817,1.184020734730674,0.03737954082450157,1.1194848906124242,1
560,"frozenset({'yes_buyDrink', 'clothes_item'})","frozenset({'rain', '31-50age'})",0.46835443037974683,0.4104882459312839,0.20253164556962025,0.4324324324324324,1.053458745088701,0.010277656968892351,1.0386635666924997,2
243,frozenset({'clothes_item'}),"frozenset({'rain', '31-50age'})",0.566003616636528,0.4104882459312839,0.244122965641953,0.4313099041533547,1.0507241277392296,0.011785133858061764,1.0366133653006075,1
611,"frozenset({'yes_buyDrink', 'clothes_item'})","frozenset({'big_basket', 'no_spec'})",0.46835443037974683,0.3399638336347197,0.2007233273056058,0.4285714285714286,1.2606382978723405,0.041499759653901624,1.1550632911392407,2
610,"frozenset({'yes_buyDrink', 'no_spec'})","frozenset({'big_basket', 'clothes_item'})",0.47377938517179025,0.325497287522604,0.2007233273056058,0.4236641221374046,1.3015903307888042,0.046509422548061036,1.170329209728992,2
72,frozenset({'rain'}),"frozenset({'yes_buyDrink', '31-50age'})",0.8083182640144665,0.4104882459312839,0.3399638336347197,0.42058165548098436,1.0245887906651292,0.008158687285200916,1.0174198998792126,1
71,frozenset({'yes_buyDrink'}),"frozenset({'rain', '31-50age'})",0.8209764918625678,0.4104882459312839,0.3399638336347197,0.41409691629955947,1.0087911661394555,0.00296263353923526,1.006159159199989,1
349,frozenset({'no_spec'}),"frozenset({'yes_buyDrink', 'clothes_item', 'rain'})",0.5533453887884268,0.36528028933092227,0.22784810126582278,0.4117647058823529,1.1272568433313919,0.025721937549254587,1.0790235081374322,1
355,frozenset({'no_spec'}),"frozenset({'rain', '31-50age'})",0.5533453887884268,0.4104882459312839,0.22784810126582278,0.4117647058823529,1.0031096138896087,0.0007063232278971543,1.0021699819168173,1
569,frozenset({'31-50age'}),"frozenset({'yes_buyDrink', 'clothes_item', 'rain'})",0.49547920433996384,0.36528028933092227,0.20253164556962025,0.40875912408759124,1.119028691190287,0.021542858450863095,1.0735382760699215,1
364,frozenset({'no_spec'}),"frozenset({'yes_buyDrink', 'female'})",0.5533453887884268,0.3688969258589512,0.22603978300180833,0.4084967320261438,1.1073465333845955,0.02191237013953154,1.066947738603099,1
601,frozenset({'31-50age'}),"frozenset({'big_basket', 'yes_buyDrink', 'rain'})",0.49547920433996384,0.3670886075949367,0.2007233273056058,0.4051094890510949,1.103574125346086,0.018838556092201336,1.0639124019569777,1
399,frozenset({'big_basket'}),"frozenset({'no_spec', 'clothes_item'})",0.5497287522603979,0.3453887884267631,0.2224231464737794,0.40460526315789475,1.1714487462110774,0.032552998767204355,1.0994575045207955,1
405,frozenset({'big_basket'}),"frozenset({'yes_buyDrink', 'casual_attire'})",0.5497287522603979,0.3670886075949367,0.2224231464737794,0.40460526315789475,1.1022005444646097,0.020623984251608024,1.0630113993985593,1
350,frozenset({'clothes_item'}),"frozenset({'yes_buyDrink', 'no_spec', 'rain'})",0.566003616636528,0.38517179023508136,0.22784810126582278,0.402555910543131,1.0451334203302884,0.009839474966400613,1.0290974847936876,1
400,frozenset({'no_spec'}),"frozenset({'big_basket', 'clothes_item'})",0.5533453887884268,0.325497287522604,0.2224231464737794,0.4019607843137255,1.2349128540305012,0.04231072336000577,1.1278569946343344,1
418,frozenset({'no_spec'}),"frozenset({'yes_buyDrink', 'casual_attire'})",0.5533453887884268,0.3670886075949367,0.2206148282097649,0.3986928104575163,1.0860942077980615,0.017488039920342424,1.0525591634562466,1
372,frozenset({'clothes_item'}),"frozenset({'yes_buyDrink', 'casual_attire'})",0.566003616636528,0.3670886075949367,0.22423146473779385,0.39616613418530355,1.079211193125482,0.016457985212992438,1.0481548456232002,1
391,frozenset({'clothes_item'}),"frozenset({'yes_buyDrink', 'female'})",0.566003616636528,0.3688969258589512,0.22423146473779385,0.39616613418530355,1.0739209421787885,0.015434470535530348,1.0451601174928482,1
446,frozenset({'big_basket'}),"frozenset({'yes_buyDrink', 'clothes_item', 'rain'})",0.5497287522603979,0.36528028933092227,0.21699819168173598,0.3947368421052631,1.0806409588327253,0.016193114002530956,1.0486673480619544,1
401,frozenset({'clothes_item'}),"frozenset({'big_basket', 'no_spec'})",0.566003616636528,0.3399638336347197,0.2224231464737794,0.39297124600638983,1.1559207395826254,0.030002387110909107,1.087322737222804,1
461,frozenset({'big_basket'}),"frozenset({'yes_buyDrink', 'female'})",0.5497287522603979,0.3688969258589512,0.21338155515370705,0.3881578947368421,1.0522123323013415,0.010588308388569334,1.0314802932197786,1
447,frozenset({'clothes_item'}),"frozenset({'big_basket', 'yes_buyDrink', 'rain'})",0.566003616636528,0.3670886075949367,0.21699819168173598,0.3833865814696486,1.0443979288311116,0.009224712156934572,1.0264314291336003,1
481,frozenset({'no_spec'}),"frozenset({'female', 'rain'})",0.5533453887884268,0.3688969258589512,0.20976491862567812,0.3790849673202614,1.0276175829809047,0.005637505763401329,1.0164081088797945,1
495,frozenset({'male'}),"frozenset({'yes_buyDrink', 'blankets_item'})",0.5515370705244123,0.352622061482821,0.20795660036166366,0.3770491803278689,1.0692728036990333,0.013472461569149385,1.0392119539354714,1
505,frozenset({'male'}),frozenset({'toddler_kids'}),0.5515370705244123,0.3670886075949367,0.20614828209764918,0.3737704918032787,1.0182023742227246,0.0036853068418522816,1.0106700245211744,1
80,frozenset({'yes_buyDrink'}),frozenset({'toddler_kids'}),0.8209764918625678,0.3670886075949367,0.30560578661844484,0.3722466960352423,1.0140513443718668,0.004234669352438936,1.0082167443926273,1
509,frozenset({'big_basket'}),"frozenset({'female', 'rain'})",0.5497287522603979,0.3688969258589512,0.20433996383363473,0.3717105263157895,1.0076270639834881,0.0015467170684970166,1.0044781913030305,1
87,frozenset({'rain'}),"frozenset({'yes_buyDrink', 'female'})",0.8083182640144665,0.3688969258589512,0.30018083182640143,0.3713646532438479,1.0066894766855288,0.00199470911582067,1.0039255307510635,1
517,frozenset({'male'}),"frozenset({'small_basket', 'yes_buyDrink'})",0.5515370705244123,0.35985533453887886,0.20433996383363473,0.3704918032786886,1.0295576241865063,0.005866406809479141,1.0168964737793853,1
528,frozenset({'male'}),"frozenset({'small_basket', 'rain'})",0.5515370705244123,0.3688969258589512,0.20433996383363473,0.3704918032786886,1.0043233686917392,0.0008796340199274943,1.0025335292344786,1
523,frozenset({'male'}),"frozenset({'yes_spec', 'yes_buyDrink'})",0.5515370705244123,0.3471971066907776,0.20433996383363473,0.3704918032786886,1.0670935792349727,0.012847888714851458,1.0370045961422545,1
553,frozenset({'no_spec'}),"frozenset({'yes_buyDrink', 'rain', 'male'})",0.5533453887884268,0.35985533453887886,0.20253164556962025,0.3660130718954248,1.0171117023023615,0.0034073555716149506,1.009712719747954,1
585,frozenset({'big_basket'}),"frozenset({'casual_attire', 'rain'})",0.5497287522603979,0.32730560578661844,0.2007233273056058,0.3651315789473684,1.115567752253562,0.020794025028694374,1.0595808074656372,1
612,frozenset({'big_basket'}),"frozenset({'yes_buyDrink', 'no_spec', 'clothes_item'})",0.5497287522603979,0.29294755877034356,0.2007233273056058,0.3651315789473684,1.2464059454191034,0.03968163134505526,1.113699182040495,1
598,frozenset({'big_basket'}),"frozenset({'yes_buyDrink', 'rain', '31-50age'})",0.5497287522603979,0.3399638336347197,0.2007233273056058,0.3651315789473684,1.0740306550951848,0.01383543322792985,1.039642458938058,1
101,frozenset({'rain'}),"frozenset({'yes_buyDrink', 'blankets_item'})",0.8083182640144665,0.352622061482821,0.29475587703435807,0.3646532438478748,1.0341191992198706,0.009725024443361763,1.0189364032295036,1
291,"frozenset({'yes_buyDrink', 'rain'})","frozenset({'big_basket', 'no_spec'})",0.6600361663652803,0.3399638336347197,0.24050632911392406,0.3643835616438356,1.0718303701544738,0.016117903658819738,1.0384189686350314,2
580,frozenset({'no_spec'}),frozenset({'thin_bodySize'}),0.5533453887884268,0.33815551537070526,0.2007233273056058,0.36274509803921573,1.0727167872496592,0.013606532181852066,1.0385867297259703,1
613,frozenset({'no_spec'}),"frozenset({'big_basket', 'clothes_item', 'yes_buyDrink'})",0.5533453887884268,0.28390596745027125,0.2007233273056058,0.36274509803921573,1.277694517297365,0.04362526936748101,1.1237167895395743,1
578,frozenset({'no_spec'}),frozenset({'1basket'}),0.5533453887884268,0.3399638336347197,0.2007233273056058,0.36274509803921573,1.0670108468919484,0.012605907608997796,1.035749061065517,1
113,frozenset({'rain'}),"frozenset({'small_basket', 'yes_buyDrink'})",0.8083182640144665,0.35985533453887886,0.29294755877034356,0.3624161073825503,1.0071161175002528,0.0020699194595319437,1.0040163700390214,1
107,frozenset({'yes_buyDrink'}),"frozenset({'big_basket', 'no_spec'})",0.8209764918625678,0.3399638336347197,0.29475587703435807,0.3590308370044053,1.0560853875714689,0.015653561536776217,1.0297471461506436,1
300,"frozenset({'yes_buyDrink', 'rain'})",frozenset({'moderate_bodySize'}),0.6600361663652803,0.3471971066907776,0.23688969258589512,0.3589041095890411,1.0337186073059361,0.007727045312597075,1.0182609233242146,2
120,frozenset({'rain'}),frozenset({'moderate_bodySize'}),0.8083182640144665,0.3471971066907776,0.28933092224231466,0.3579418344519016,1.0309470544369874,0.008685159691179833,1.0167348198927613,1
567,frozenset({'clothes_item'}),"frozenset({'yes_buyDrink', 'rain', '31-50age'})",0.566003616636528,0.3399638336347197,0.20253164556962025,0.3578274760383387,1.0525457140914962,0.010110886206749964,1.0278175127976752,1
117,frozenset({'yes_buyDrink'}),"frozenset({'no_spec', 'clothes_item'})",0.8209764918625678,0.3453887884267631,0.29294755877034356,0.3568281938325991,1.0331203727195146,0.009391482919076932,1.0177859248433203,1
614,frozenset({'clothes_item'}),"frozenset({'big_basket', 'no_spec', 'yes_buyDrink'})",0.566003616636528,0.29475587703435807,0.2007233273056058,0.354632587859425,1.203140006664184,0.03389043487928742,1.0927792598428017,1
570,frozenset({'clothes_item'}),frozenset({'1basket'}),0.566003616636528,0.3399638336347197,0.2007233273056058,0.354632587859425,1.0431479845013936,0.008302567942735511,1.022729307288776,1
320,"frozenset({'yes_buyDrink', 'rain'})",frozenset({'2basket'}),0.6600361663652803,0.33634719710669075,0.2332730560578662,0.35342465753424657,1.0507733097657976,0.011271741511858724,1.026412173966347,2
133,frozenset({'rain'}),frozenset({'2basket'}),0.8083182640144665,0.33634719710669075,0.2820976491862568,0.3489932885906041,1.0375983257559358,0.010222066714844935,1.0194254394959081,1
124,frozenset({'yes_buyDrink'}),frozenset({'moderate_bodySize'}),0.8209764918625678,0.3471971066907776,0.2857142857142857,0.34801762114537443,1.0023632525697503,0.0006736230784574193,1.001258491764821,1
329,"frozenset({'yes_buyDrink', 'rain'})",frozenset({'41-55mins_timespent'}),0.6600361663652803,0.3345388788426763,0.22965641952983726,0.34794520547945207,1.0400740466493892,0.00884866043837823,1.0205601227832906,2
145,frozenset({'rain'}),"frozenset({'big_basket', 'no_spec'})",0.8083182640144665,0.3399638336347197,0.28028933092224234,0.3467561521252797,1.0199795325812748,0.005490355090922827,1.0103978300180834,1
131,frozenset({'yes_buyDrink'}),"frozenset({'big_basket', 'clothes_item'})",0.8209764918625678,0.325497287522604,0.28390596745027125,0.34581497797356825,1.0624204601076848,0.01668034622918224,1.0310580183997904,1
151,frozenset({'rain'}),frozenset({'41-55mins_timespent'}),0.8083182640144665,0.3345388788426763,0.2766726943942134,0.3422818791946309,1.0231452929439506,0.00625880860275535,1.011772520943278,1
137,frozenset({'yes_buyDrink'}),"frozenset({'casual_attire', 'rain'})",0.8209764918625678,0.32730560578661844,0.28028933092224234,0.341409691629956,1.0430914887920755,0.011579122916591744,1.0214155684711548,1
148,frozenset({'yes_buyDrink'}),frozenset({'2basket'}),0.8209764918625678,0.33634719710669075,0.2766726943942134,0.3370044052863436,1.0019539576524088,0.0005395524657547668,1.0009912708091775,1
162,frozenset({'yes_buyDrink'}),frozenset({'41-55mins_timespent'}),0.8209764918625678,0.3345388788426763,0.27486437613019893,0.33480176211453744,1.000785807834266,0.00021582098630190671,1.0003951953822017,1
445,"frozenset({'yes_buyDrink', 'rain'})","frozenset({'big_basket', 'clothes_item'})",0.6600361663652803,0.325497287522604,0.21699819168173598,0.3287671232876712,1.0100456621004565,0.002158209863019067,1.0048713879765288,2
175,frozenset({'yes_buyDrink'}),frozenset({'3basket'}),0.8209764918625678,0.32368896925858953,0.2694394213381555,0.32819383259911894,1.0139172593704624,0.0036983869016281035,1.006705599857706,1
187,frozenset({'rain'}),frozenset({'fat_bodySize'}),0.8083182640144665,0.31464737793851716,0.25678119349005424,0.31767337807606266,1.0096171153796705,0.002445971178088313,1.0044348264310914,1
197,frozenset({'rain'}),frozenset({'formal_attire'}),0.8083182640144665,0.3037974683544304,0.2549728752260398,0.3154362416107383,1.0383109619686801,0.0094078329937968,1.0170017374038223,1
499,"frozenset({'yes_buyDrink', 'rain'})",frozenset({'fat_bodySize'}),0.6600361663652803,0.31464737793851716,0.20795660036166366,0.31506849315068497,1.0013383719099356,0.000277951270237331,1.000614828209765,2
180,frozenset({'yes_buyDrink'}),frozenset({'fat_bodySize'}),0.8209764918625678,0.31464737793851716,0.2585895117540687,0.3149779735682819,1.0010506861106891,0.0002714112403493507,1.000482605838949,1
548,"frozenset({'yes_buyDrink', 'rain'})","frozenset({'no_spec', 'male'})",0.6600361663652803,0.2965641952983725,0.20253164556962025,0.30684931506849317,1.0346809221516873,0.006788551023678174,1.0148382162691465,2
561,"frozenset({'yes_buyDrink', 'rain'})","frozenset({'clothes_item', '31-50age'})",0.6600361663652803,0.30018083182640143,0.20253164556962025,0.30684931506849317,1.0222148869450405,0.004401440114581323,1.009620539064678,2
535,"frozenset({'yes_buyDrink', 'rain'})",frozenset({'formal_attire'}),0.6600361663652803,0.3037974683544304,0.20253164556962025,0.30684931506849317,1.0100456621004565,0.002014329205484472,1.0044028618602092,2
212,frozenset({'yes_buyDrink'}),"frozenset({'big_basket', '31-50age'})",0.8209764918625678,0.30018083182640143,0.2513562386980108,0.30616740088105726,1.0199432089591849,0.004914832460784335,1.0086282614311548,1
203,frozenset({'yes_buyDrink'}),"frozenset({'clothes_item', '31-50age'})",0.8209764918625678,0.30018083182640143,0.2513562386980108,0.30616740088105726,1.0199432089591849,0.004914832460784335,1.0086282614311548,1
595,"frozenset({'yes_buyDrink', 'rain'})","frozenset({'big_basket', '31-50age'})",0.6600361663652803,0.30018083182640143,0.2007233273056058,0.3041095890410959,1.0130879683116027,0.0025931218505668707,1.005645655052612,2
573,"frozenset({'yes_buyDrink', 'rain'})",frozenset({'chinese_race'}),0.6600361663652803,0.2820976491862568,0.2007233273056058,0.3041095890410959,1.0780295047418336,0.014528676396051127,1.0316313308937648,2
253,frozenset({'rain'}),frozenset({'chinese_race'}),0.8083182640144665,0.2820976491862568,0.244122965641953,0.30201342281879195,1.0705988642230253,0.016098283569155908,1.0285331756850744,1
244,frozenset({'rain'}),"frozenset({'clothes_item', '31-50age'})",0.8083182640144665,0.30018083182640143,0.244122965641953,0.30201342281879195,1.0061049567397107,0.0014813167696176854,1.0026255390179442,1
229,frozenset({'yes_buyDrink'}),"frozenset({'no_spec', 'male'})",0.8209764918625678,0.2965641952983725,0.24773960216998192,0.30176211453744495,1.0175271301171163,0.004267369501878615,1.0074443385947598,1
224,frozenset({'yes_buyDrink'}),"frozenset({'big_basket', 'male'})",0.8209764918625678,0.2965641952983725,0.24773960216998192,0.30176211453744495,1.0175271301171163,0.004267369501878615,1.0074443385947598,1
267,frozenset({'rain'}),"frozenset({'no_spec', 'male'})",0.8083182640144665,0.2965641952983725,0.2423146473779385,0.2997762863534676,1.010831014350412,0.002596391865510833,1.0045872354684586,1
268,frozenset({'rain'}),frozenset({'no_kids'}),0.8083182640144665,0.2911392405063291,0.2423146473779385,0.2997762863534676,1.0296663748662582,0.0069814819053723165,1.0123346948679581,1
295,frozenset({'rain'}),"frozenset({'big_basket', 'no_spec', 'yes_buyDrink'})",0.8083182640144665,0.29475587703435807,0.24050632911392406,0.29753914988814323,1.0094426373505718,0.0022497702814501808,1.003962175049815,1
304,frozenset({'rain'}),"frozenset({'yes_buyDrink', 'moderate_bodySize'})",0.8083182640144665,0.2857142857142857,0.23688969258589512,0.29306487695749445,1.0257270693512306,0.005941617153190415,1.0103978300180831,1
294,frozenset({'yes_buyDrink'}),"frozenset({'big_basket', 'no_spec', 'rain'})",0.8209764918625678,0.28028933092224234,0.24050632911392406,0.29295154185022027,1.045175500923689,0.010395377506875192,1.0179085475429968,1
279,frozenset({'yes_buyDrink'}),"frozenset({'no_spec', '31-50age'})",0.8209764918625678,0.27486437613019893,0.24050632911392406,0.29295154185022027,1.065803964757709,0.014849137860560024,1.0255812250370393,1
323,frozenset({'rain'}),"frozenset({'yes_buyDrink', '2basket'})",0.8083182640144665,0.2766726943942134,0.2332730560578662,0.28859060402684567,1.0430758433127167,0.009633464024930621,1.0167525333515304,1
322,frozenset({'yes_buyDrink'}),"frozenset({'rain', '2basket'})",0.8209764918625678,0.2820976491862568,0.2332730560578662,0.2841409691629956,1.0072433073534395,0.0016775176662557345,1.0028543608290443,1
333,frozenset({'rain'}),"frozenset({'yes_buyDrink', '41-55mins_timespent'})",0.8083182640144665,0.27486437613019893,0.22965641952983726,0.2841163310961969,1.0336600730012953,0.007478524176855489,1.0129238245931285,1
356,frozenset({'rain'}),"frozenset({'no_spec', '31-50age'})",0.8083182640144665,0.27486437613019893,0.22784810126582278,0.2818791946308725,1.0255210173083718,0.005670205912841009,1.0097682986598164,1
331,frozenset({'yes_buyDrink'}),"frozenset({'41-55mins_timespent', 'rain'})",0.8209764918625678,0.2766726943942134,0.22965641952983726,0.27973568281938327,1.0110708013014311,0.0025146414919116344,1.0042525894343337,1
359,frozenset({'rain'}),frozenset({'traditional_attire'}),0.8083182640144665,0.2694394213381555,0.22603978300180833,0.2796420581655481,1.0378661621848866,0.008246977688688067,1.0141632877697035,1
348,frozenset({'yes_buyDrink'}),"frozenset({'no_spec', 'clothes_item', 'rain'})",0.8209764918625678,0.2730560578661845,0.22784810126582278,0.2775330396475771,1.0163958339411265,0.003675496797020339,1.006196797953513,1
378,frozenset({'rain'}),"frozenset({'male', '31-50age'})",0.8083182640144665,0.27124773960216997,0.22423146473779385,0.27740492170022374,1.0226994780014915,0.0049769627447197595,1.0085209300242415,1
363,frozenset({'yes_buyDrink'}),"frozenset({'no_spec', 'female'})",0.8209764918625678,0.25678119349005424,0.22603978300180833,0.27533039647577096,1.072237389092263,0.015228459594060356,1.0255967725091653,1
389,frozenset({'yes_buyDrink'}),"frozenset({'female', 'clothes_item'})",0.8209764918625678,0.25678119349005424,0.22423146473779385,0.27312775330396477,1.0636594899795249,0.013420141330045876,1.0224889035015619,1
383,frozenset({'yes_buyDrink'}),"frozenset({'male', '31-50age'})",0.8209764918625678,0.27124773960216997,0.22423146473779385,0.27312775330396477,1.0069309838472835,0.0015434470535530265,1.0025864430927722,1
371,frozenset({'yes_buyDrink'}),"frozenset({'clothes_item', 'casual_attire'})",0.8209764918625678,0.2603978300180832,0.22423146473779385,0.27312775330396477,1.048886441507587,0.010450967760922636,1.0175132883993645,1
412,frozenset({'rain'}),frozenset({'dryer_8'}),0.8083182640144665,0.26763110307414106,0.2206148282097649,0.27293064876957496,1.0198016808755064,0.004283719576598455,1.0072889136180276,1
407,frozenset({'yes_buyDrink'}),"frozenset({'big_basket', 'casual_attire'})",0.8209764918625678,0.2513562386980108,0.2224231464737794,0.2709251101321586,1.077853135993408,0.016065583419716256,1.02684068770726,1
422,frozenset({'yes_buyDrink'}),frozenset({'foreigner_race'}),0.8209764918625678,0.26582278481012656,0.2206148282097649,0.2687224669603524,1.0109083280889448,0.0023805708792089264,1.00396522800061,1
420,frozenset({'yes_buyDrink'}),frozenset({'dryer_8'}),0.8209764918625678,0.26763110307414106,0.2206148282097649,0.2687224669603524,1.004077866412668,0.0008959840946472786,1.0014924072419877,1
417,frozenset({'yes_buyDrink'}),"frozenset({'no_spec', 'casual_attire'})",0.8209764918625678,0.24050632911392406,0.2206148282097649,0.2687224669603524,1.1173197310456757,0.023164785863071385,1.0385847186213208,1
449,frozenset({'yes_buyDrink'}),"frozenset({'big_basket', 'clothes_item', 'rain'})",0.8209764918625678,0.24954792043399637,0.21699819168173598,0.2643171806167401,1.0591840643554875,0.012125215412234436,1.0200755812064841,1
450,frozenset({'yes_buyDrink'}),frozenset({'25-40mins_timespent'}),0.8209764918625678,0.2603978300180832,0.21518987341772153,0.2621145374449339,1.0065926333822808,0.0014093764408503184,1.0023265229008664,1
469,frozenset({'rain'}),frozenset({'age>50'}),0.8083182640144665,0.2603978300180832,0.2115732368896926,0.26174496644295303,1.0051733780760626,0.0010889149763414485,1.00182475752096,1
463,frozenset({'yes_buyDrink'}),"frozenset({'big_basket', 'female'})",0.8209764918625678,0.25316455696202533,0.21338155515370705,0.2599118942731277,1.0266519823788545,0.005539405315082263,1.0091169379144063,1
483,frozenset({'rain'}),"frozenset({'no_spec', 'female'})",0.8083182640144665,0.25678119349005424,0.20976491862567812,0.25950782997762867,1.010618520969216,0.0022039900722346517,1.003682194894096,1
476,frozenset({'yes_buyDrink'}),"frozenset({'3basket', 'rain'})",0.8209764918625678,0.2549728752260398,0.20976491862567812,0.2555066079295154,1.0020932920923546,0.0004381820024917382,1.0007169072407631,1
493,frozenset({'yes_buyDrink'}),"frozenset({'blankets_item', 'male'})",0.8209764918625678,0.2423146473779385,0.20795660036166366,0.2533039647577093,1.0453514366493526,0.009021971230408543,1.0147172569038818,1
539,frozenset({'rain'}),"frozenset({'yes_buyDrink', 'formal_attire'})",0.8083182640144665,0.24050632911392406,0.20253164556962025,0.2505592841163311,1.0417991286942188,0.008125987135761209,1.0134139429435103,1
555,frozenset({'rain'}),"frozenset({'yes_buyDrink', 'no_spec', 'male'})",0.8083182640144665,0.24773960216998192,0.20253164556962025,0.2505592841163311,1.0113816358856285,0.002279200415945898,1.0037623815821435,1
531,frozenset({'rain'}),frozenset({'washer_3'}),0.8083182640144665,0.244122965641953,0.20253164556962025,0.2505592841163311,1.0263650675283784,0.005202593775853553,1.008588162262827,1
577,frozenset({'rain'}),"frozenset({'yes_buyDrink', 'chinese_race'})",0.8083182640144665,0.22965641952983726,0.2007233273056058,0.24832214765100674,1.0812767531575334,0.015087848951469723,1.024832084732627,1
541,frozenset({'yes_buyDrink'}),frozenset({'washer_4'}),0.8209764918625678,0.24050632911392406,0.20253164556962025,0.24669603524229075,1.0257361465337351,0.005081603222926723,1.0082167443926273,1
566,frozenset({'yes_buyDrink'}),"frozenset({'clothes_item', 'rain', '31-50age'})",0.8209764918625678,0.244122965641953,0.20253164556962025,0.24669603524229075,1.010540055473976,0.0021124296538035103,1.0034157122764717,1
552,frozenset({'yes_buyDrink'}),"frozenset({'no_spec', 'rain', 'male'})",0.8209764918625678,0.2423146473779385,0.20253164556962025,0.24669603524229075,1.0180813991715432,0.0035970164383651304,1.0058162283345495,1
599,frozenset({'yes_buyDrink'}),"frozenset({'big_basket', 'rain', '31-50age'})",0.8209764918625678,0.2423146473779385,0.2007233273056058,0.2444933920704846,1.0089913866789402,0.001788698174350678,1.0028838195055858,1
615,frozenset({'yes_buyDrink'}),"frozenset({'big_basket', 'no_spec', 'clothes_item'})",0.8209764918625678,0.2224231464737794,0.2007233273056058,0.2444933920704846,1.0992263887396583,0.018119152804528305,1.0292125116644437,1
575,frozenset({'yes_buyDrink'}),"frozenset({'chinese_race', 'rain'})",0.8209764918625678,0.244122965641953,0.2007233273056058,0.2444933920704846,1.0015173764072443,0.00030411138978905794,1.0004903020365987,1
625,frozenset({'yes_buyDrink'}),"frozenset({'<=25mins_timespent', 'rain'})",0.8209764918625678,0.244122965641953,0.2007233273056058,0.2444933920704846,1.0015173764072443,0.00030411138978905794,1.0004903020365987,1
